{
  "pixel1": [199, 250],
  "geo1": [45.013270, -93.308237],
  "pixel2": [2361, 1297],
  "geo2": [44.925733, -93.052804]
}
